[{"model": "catalog.categorydescription", "pk": 4, "fields": {"language": 1, "name": "Електроніка", "text": "", "json_text": "", "title": "Електроніка title за замовчуванням", "meta_description": "Електроніка meta_description за замовчуванням  (099) 999-99-99 (066) 666-66-66 (033) 333-33-33 (077) 777-77-77", "last_modified": "2025-06-15T16:16:14.251Z"}}, {"model": "catalog.categorydescription", "pk": 5, "fields": {"language": 2, "name": "Elektronik", "text": "", "json_text": "", "title": "Standart Elektronik  title", "meta_description": "Standart Elektronik  meta_description (099) 999-99-99 (066) 666-66-66 (033) 333-33-33 (077) 777-77-77", "last_modified": "2025-06-15T16:16:14.257Z"}}, {"model": "catalog.categorydescription", "pk": 6, "fields": {"language": 3, "name": "Electronics", "text": "", "json_text": "", "title": "Default Electronics  title", "meta_description": "Default Electronics  meta_description (099) 999-99-99 (066) 666-66-66 (033) 333-33-33 (077) 777-77-77", "last_modified": "2025-06-15T16:16:14.261Z"}}, {"model": "catalog.categorydescription", "pk": 7, "fields": {"language": 1, "name": "Телевізори", "text": "", "json_text": "", "title": "Телевізори title за замовчуванням", "meta_description": "Телевізори meta_description за замовчуванням  (099) 999-99-99 (066) 666-66-66 (033) 333-33-33 (077) 777-77-77", "last_modified": "2025-06-15T16:15:49.634Z"}}, {"model": "catalog.categorydescription", "pk": 8, "fields": {"language": 2, "name": "Fernseher", "text": "", "json_text": "", "title": "Standart Fernseher  title", "meta_description": "Standart Fernseher  meta_description (099) 999-99-99 (066) 666-66-66 (033) 333-33-33 (077) 777-77-77", "last_modified": "2025-06-15T16:15:49.639Z"}}, {"model": "catalog.categorydescription", "pk": 9, "fields": {"language": 3, "name": "Televisors", "text": "", "json_text": "", "title": "Default Televisors  title", "meta_description": "Default Televisors  meta_description (099) 999-99-99 (066) 666-66-66 (033) 333-33-33 (077) 777-77-77", "last_modified": "2025-06-15T16:15:49.644Z"}}, {"model": "catalog.categorydescription", "pk": 10, "fields": {"language": 1, "name": "Консолі", "text": "", "json_text": "", "title": "Консолі title за замовчуванням", "meta_description": "Консолі meta_description за замовчуванням  (099) 999-99-99 (066) 666-66-66 (033) 333-33-33 (077) 777-77-77", "last_modified": "2025-06-15T16:24:21.683Z"}}, {"model": "catalog.categorydescription", "pk": 11, "fields": {"language": 2, "name": "Konsolen", "text": "", "json_text": "", "title": "Standart Konsolen  title", "meta_description": "Standart Konsolen  meta_description (099) 999-99-99 (066) 666-66-66 (033) 333-33-33 (077) 777-77-77", "last_modified": "2025-06-15T16:24:21.696Z"}}, {"model": "catalog.categorydescription", "pk": 12, "fields": {"language": 3, "name": "Consoles", "text": "", "json_text": "", "title": "Default Consoles  title", "meta_description": "Default Consoles  meta_description (099) 999-99-99 (066) 666-66-66 (033) 333-33-33 (077) 777-77-77", "last_modified": "2025-06-15T16:24:21.706Z"}}, {"model": "catalog.categorydescription", "pk": 13, "fields": {"language": 1, "name": "Компʼютери", "text": "", "json_text": "", "title": "Комʼютери title за замовчуванням", "meta_description": "Комʼютери meta_description за замовчуванням  (099) 999-99-99 (066) 666-66-66 (033) 333-33-33 (077) 777-77-77", "last_modified": "2025-06-15T16:39:20.438Z"}}, {"model": "catalog.categorydescription", "pk": 14, "fields": {"language": 2, "name": "Computers", "text": "", "json_text": "", "title": "Standart Computers  title", "meta_description": "Standart Computers  meta_description (099) 999-99-99 (066) 666-66-66 (033) 333-33-33 (077) 777-77-77", "last_modified": "2025-06-15T16:39:20.446Z"}}, {"model": "catalog.categorydescription", "pk": 15, "fields": {"language": 3, "name": "Computers", "text": "", "json_text": "", "title": "Default Cumputers  title", "meta_description": "Default Cumputers  meta_description (099) 999-99-99 (066) 666-66-66 (033) 333-33-33 (077) 777-77-77", "last_modified": "2025-06-15T16:39:20.455Z"}}, {"model": "catalog.categorydescription", "pk": 16, "fields": {"language": 1, "name": "Побутова техніка", "text": "", "json_text": "", "title": "Побутова техніка title за замовчуванням", "meta_description": "Побутова техніка meta_description за замовчуванням  (099) 999-99-99 (066) 666-66-66 (033) 333-33-33 (077) 777-77-77", "last_modified": "2025-06-15T16:42:51.483Z"}}, {"model": "catalog.categorydescription", "pk": 17, "fields": {"language": 2, "name": "Haushaltsgeräte", "text": "", "json_text": "", "title": "Standart Haushaltsgeräte  title", "meta_description": "Standart Haushaltsgeräte  meta_description (099) 999-99-99 (066) 666-66-66 (033) 333-33-33 (077) 777-77-77", "last_modified": "2025-06-15T16:42:51.493Z"}}, {"model": "catalog.categorydescription", "pk": 18, "fields": {"language": 3, "name": "Houshold appliances", "text": "", "json_text": "", "title": "Default Houshold appliances  title", "meta_description": "Default Houshold appliances  meta_description (099) 999-99-99 (066) 666-66-66 (033) 333-33-33 (077) 777-77-77", "last_modified": "2025-06-15T16:42:51.505Z"}}, {"model": "catalog.categorydescription", "pk": 19, "fields": {"language": 1, "name": "Будинок", "text": "", "json_text": "", "title": "Будинок title за замовчуванням", "meta_description": "Будинок meta_description за замовчуванням  (099) 999-99-99 (066) 666-66-66 (033) 333-33-33 (077) 777-77-77", "last_modified": "2025-06-15T16:45:43.483Z"}}, {"model": "catalog.categorydescription", "pk": 20, "fields": {"language": 2, "name": "Haus", "text": "", "json_text": "", "title": "Standart Haus  title", "meta_description": "Standart Haus  meta_description (099) 999-99-99 (066) 666-66-66 (033) 333-33-33 (077) 777-77-77", "last_modified": "2025-06-15T16:45:43.493Z"}}, {"model": "catalog.categorydescription", "pk": 21, "fields": {"language": 3, "name": "House", "text": "", "json_text": "", "title": "Default House  title", "meta_description": "Default House  meta_description (099) 999-99-99 (066) 666-66-66 (033) 333-33-33 (077) 777-77-77", "last_modified": "2025-06-15T16:45:43.507Z"}}, {"model": "catalog.categorydescription", "pk": 22, "fields": {"language": 1, "name": "Ванна кімната", "text": "", "json_text": "", "title": "Ванна кімнат title за замовчуванням", "meta_description": "Ванна кімнат meta_description за замовчуванням  (099) 999-99-99 (066) 666-66-66 (033) 333-33-33 (077) 777-77-77", "last_modified": "2025-06-15T16:48:17.593Z"}}, {"model": "catalog.categorydescription", "pk": 23, "fields": {"language": 2, "name": "Badezimmer", "text": "", "json_text": "", "title": "Standart Badezimmer  title", "meta_description": "Standart Badezimmer  meta_description (099) 999-99-99 (066) 666-66-66 (033) 333-33-33 (077) 777-77-77", "last_modified": "2025-06-15T16:48:17.601Z"}}, {"model": "catalog.categorydescription", "pk": 24, "fields": {"language": 3, "name": "Bathroom", "text": "", "json_text": "", "title": "Default Bathroom  title", "meta_description": "Default Bathroom  meta_description (099) 999-99-99 (066) 666-66-66 (033) 333-33-33 (077) 777-77-77", "last_modified": "2025-06-15T16:48:17.609Z"}}, {"model": "catalog.categorydescription", "pk": 25, "fields": {"language": 1, "name": "Спальня", "text": "", "json_text": "", "title": "Спальня title за замовчуванням ", "meta_description": "Спальня meta_description за замовчуванням  (099) 999-99-99 (066) 666-66-66 (033) 333-33-33 (077) 777-77-77", "last_modified": "2025-06-15T16:53:36.491Z"}}, {"model": "catalog.categorydescription", "pk": 26, "fields": {"language": 2, "name": "Schlafzimmer", "text": "", "json_text": "", "title": "Standart Schlafzimmer  title", "meta_description": "Standart Schlafzimmer  meta_description (099) 999-99-99 (066) 666-66-66 (033) 333-33-33 (077) 777-77-77", "last_modified": "2025-06-15T16:53:36.495Z"}}, {"model": "catalog.categorydescription", "pk": 27, "fields": {"language": 3, "name": "Bedroom", "text": "", "json_text": "", "title": "Default Bedroom  title", "meta_description": "Default Bedroom  meta_description (099) 999-99-99 (066) 666-66-66 (033) 333-33-33 (077) 777-77-77", "last_modified": "2025-06-15T16:53:36.499Z"}}, {"model": "catalog.categorydescription", "pk": 28, "fields": {"language": 1, "name": "Кухна", "text": "", "json_text": "", "title": "Кухна title за замовчуванням ", "meta_description": "Кухна meta_description за замовчуванням  (099) 999-99-99 (066) 666-66-66 (033) 333-33-33 (077) 777-77-77", "last_modified": "2025-06-15T16:55:09.490Z"}}, {"model": "catalog.categorydescription", "pk": 29, "fields": {"language": 2, "name": "Kochzimmer", "text": "", "json_text": "", "title": "Standart Kochzimmer  title", "meta_description": "Standart Kochzimmer  meta_description (099) 999-99-99 (066) 666-66-66 (033) 333-33-33 (077) 777-77-77", "last_modified": "2025-06-15T16:55:09.496Z"}}, {"model": "catalog.categorydescription", "pk": 30, "fields": {"language": 3, "name": "Kitchen", "text": "", "json_text": "", "title": "Default Kitchen  title", "meta_description": "Default Kitchen  meta_description (099) 999-99-99 (066) 666-66-66 (033) 333-33-33 (077) 777-77-77", "last_modified": "2025-06-15T16:55:09.503Z"}}, {"model": "catalog.categorydescription", "pk": 31, "fields": {"language": 1, "name": "Їжа", "text": "", "json_text": "", "title": "Їжа title за замовчуванням ", "meta_description": "Їжа meta_description за замовчуванням  (099) 999-99-99 (066) 666-66-66 (033) 333-33-33 (077) 777-77-77", "last_modified": "2025-06-15T16:56:12.703Z"}}, {"model": "catalog.categorydescription", "pk": 32, "fields": {"language": 2, "name": "Essen", "text": "", "json_text": "", "title": "Standart Essen  title", "meta_description": "Standart Essen  meta_description (099) 999-99-99 (066) 666-66-66 (033) 333-33-33 (077) 777-77-77", "last_modified": "2025-06-15T16:56:12.712Z"}}, {"model": "catalog.categorydescription", "pk": 33, "fields": {"language": 3, "name": "Food", "text": "", "json_text": "", "title": "Default Food  title", "meta_description": "Default Food  meta_description (099) 999-99-99 (066) 666-66-66 (033) 333-33-33 (077) 777-77-77", "last_modified": "2025-06-15T16:56:12.721Z"}}, {"model": "catalog.categorydescription", "pk": 34, "fields": {"language": 1, "name": "Під замовлення", "text": "", "json_text": "", "title": "Під замовлення title за замовчуванням", "meta_description": "Під замовлення meta_description за замовчуванням  (099) 999-99-99 (066) 666-66-66 (033) 333-33-33 (077) 777-77-77", "last_modified": "2025-06-15T16:58:23.903Z"}}, {"model": "catalog.categorydescription", "pk": 35, "fields": {"language": 2, "name": "Auf Bestellung", "text": "", "json_text": "", "title": "Standart Auf Bestellung  title", "meta_description": "Standart Auf Bestellung  meta_description (099) 999-99-99 (066) 666-66-66 (033) 333-33-33 (077) 777-77-77", "last_modified": "2025-06-15T16:58:23.912Z"}}, {"model": "catalog.categorydescription", "pk": 36, "fields": {"language": 3, "name": "To order", "text": "", "json_text": "", "title": "Default To order  title", "meta_description": "Default To order  meta_description (099) 999-99-99 (066) 666-66-66 (033) 333-33-33 (077) 777-77-77", "last_modified": "2025-06-15T16:58:23.923Z"}}, {"model": "catalog.categorydescription", "pk": 37, "fields": {"language": 1, "name": "Готова їжа", "text": "", "json_text": "", "title": "Готова їжа title за замовчуванням ", "meta_description": "Готова їжа meta_description за замовчуванням  (099) 999-99-99 (066) 666-66-66 (033) 333-33-33 (077) 777-77-77", "last_modified": "2025-06-15T17:00:20.600Z"}}, {"model": "catalog.categorydescription", "pk": 38, "fields": {"language": 2, "name": "Fertiggericht", "text": "", "json_text": "", "title": "Standart Fertiggericht  title", "meta_description": "Standart Fertiggericht  meta_description (099) 999-99-99 (066) 666-66-66 (033) 333-33-33 (077) 777-77-77", "last_modified": "2025-06-15T17:00:20.606Z"}}, {"model": "catalog.categorydescription", "pk": 39, "fields": {"language": 3, "name": "Ready meal", "text": "", "json_text": "", "title": "Default Ready meal  title", "meta_description": "Default Ready meal  meta_description (099) 999-99-99 (066) 666-66-66 (033) 333-33-33 (077) 777-77-77", "last_modified": "2025-06-15T17:00:20.612Z"}}, {"model": "catalog.categorydescription", "pk": 40, "fields": {"language": 1, "name": "Будівництво", "text": "", "json_text": "", "title": "Будівництво title за замовчуванням ", "meta_description": "Будівництво meta_description за замовчуванням  (099) 999-99-99 (066) 666-66-66 (033) 333-33-33 (077) 777-77-77", "last_modified": "2025-06-15T17:02:05.848Z"}}, {"model": "catalog.categorydescription", "pk": 41, "fields": {"language": 2, "name": "Baustelle", "text": "", "json_text": "", "title": "Standart Baustelle  title", "meta_description": "Standart Baustelle  meta_description (099) 999-99-99 (066) 666-66-66 (033) 333-33-33 (077) 777-77-77", "last_modified": "2025-06-15T17:02:05.854Z"}}, {"model": "catalog.categorydescription", "pk": 42, "fields": {"language": 3, "name": "Building", "text": "", "json_text": "", "title": "Default Building  title", "meta_description": "Default Building  meta_description (099) 999-99-99 (066) 666-66-66 (033) 333-33-33 (077) 777-77-77", "last_modified": "2025-06-15T17:02:05.861Z"}}, {"model": "catalog.categorydescription", "pk": 43, "fields": {"language": 1, "name": "Суміші", "text": "", "json_text": "", "title": "Суміші title за замовчуванням", "meta_description": "Суміші meta_description за замовчуванням  (099) 999-99-99 (066) 666-66-66 (033) 333-33-33 (077) 777-77-77", "last_modified": "2025-06-15T17:04:14.303Z"}}, {"model": "catalog.categorydescription", "pk": 44, "fields": {"language": 2, "name": "Baumischungen", "text": "", "json_text": "", "title": "Standart Baumischungen  title", "meta_description": "Standart Baumischungen  meta_description (099) 999-99-99 (066) 666-66-66 (033) 333-33-33 (077) 777-77-77", "last_modified": "2025-06-15T17:04:14.313Z"}}, {"model": "catalog.categorydescription", "pk": 45, "fields": {"language": 3, "name": "Mixtures", "text": "", "json_text": "", "title": "Default Mixtures  title", "meta_description": "Default Mixtures  meta_description (099) 999-99-99 (066) 666-66-66 (033) 333-33-33 (077) 777-77-77", "last_modified": "2025-06-15T17:04:14.322Z"}}, {"model": "catalog.categorydescription", "pk": 46, "fields": {"language": 1, "name": "Інструменти", "text": "", "json_text": "", "title": "Інструменти title за замовчуванням ", "meta_description": "Інструменти meta_description за замовчуванням  (099) 999-99-99 (066) 666-66-66 (033) 333-33-33 (077) 777-77-77", "last_modified": "2025-06-15T17:05:31.299Z"}}, {"model": "catalog.categorydescription", "pk": 47, "fields": {"language": 2, "name": "Werkzeuge", "text": "", "json_text": "", "title": "Standart Werkzeuge  title", "meta_description": "Standart Werkzeuge  meta_description (099) 999-99-99 (066) 666-66-66 (033) 333-33-33 (077) 777-77-77", "last_modified": "2025-06-15T17:05:31.305Z"}}, {"model": "catalog.categorydescription", "pk": 48, "fields": {"language": 3, "name": "Instruments", "text": "", "json_text": "", "title": "Default Instruments  title", "meta_description": "Default Instruments  meta_description (099) 999-99-99 (066) 666-66-66 (033) 333-33-33 (077) 777-77-77", "last_modified": "2025-06-15T17:05:31.316Z"}}, {"model": "catalog.categorydescription", "pk": 49, "fields": {"language": 1, "name": "Електроінструмент", "text": "", "json_text": "", "title": "Електроінструмент title за замовчуванням", "meta_description": "Електроінструмент meta_description за замовчуванням  (099) 999-99-99 (066) 666-66-66 (033) 333-33-33 (077) 777-77-77", "last_modified": "2025-06-15T17:07:28Z"}}, {"model": "catalog.categorydescription", "pk": 50, "fields": {"language": 2, "name": "Elektrische werkzuege", "text": "", "json_text": "", "title": "Standart Elektrische werkzuege  title", "meta_description": "Standart Elektrische werkzuege  meta_description (099) 999-99-99 (066) 666-66-66 (033) 333-33-33 (077) 777-77-77", "last_modified": "2025-06-15T17:07:28.009Z"}}, {"model": "catalog.categorydescription", "pk": 51, "fields": {"language": 3, "name": "Electrical instruments", "text": "", "json_text": "", "title": "Default Electrical instruments  title", "meta_description": "Default Electrical instruments  meta_description (099) 999-99-99 (066) 666-66-66 (033) 333-33-33 (077) 777-77-77", "last_modified": "2025-06-15T17:07:28.019Z"}}, {"model": "catalog.categorydescription", "pk": 52, "fields": {"language": 1, "name": "Тварини", "text": "", "json_text": "", "title": "Тварини title за замовчуванням ", "meta_description": "Тварини meta_description за замовчуванням  (099) 999-99-99 (066) 666-66-66 (033) 333-33-33 (077) 777-77-77", "last_modified": "2025-06-15T17:08:51.445Z"}}, {"model": "catalog.categorydescription", "pk": 53, "fields": {"language": 2, "name": "Tiere", "text": "", "json_text": "", "title": "Standart Tiere  title", "meta_description": "Standart Tiere  meta_description (099) 999-99-99 (066) 666-66-66 (033) 333-33-33 (077) 777-77-77", "last_modified": "2025-06-15T17:08:51.454Z"}}, {"model": "catalog.categorydescription", "pk": 54, "fields": {"language": 3, "name": "Animals", "text": "", "json_text": "", "title": "Default Animals  title", "meta_description": "Default Animals  meta_description (099) 999-99-99 (066) 666-66-66 (033) 333-33-33 (077) 777-77-77", "last_modified": "2025-06-15T17:08:51.461Z"}}, {"model": "catalog.categorydescription", "pk": 55, "fields": {"language": 1, "name": "Транспорт", "text": "", "json_text": "", "title": "Транспорт title за замовчуванням ", "meta_description": "Транспорт meta_description за замовчуванням  (099) 999-99-99 (066) 666-66-66 (033) 333-33-33 (077) 777-77-77", "last_modified": "2025-06-15T17:10:23.193Z"}}, {"model": "catalog.categorydescription", "pk": 56, "fields": {"language": 2, "name": "Verkehrsmittel", "text": "", "json_text": "", "title": "Standart Verkehrsmittel  title", "meta_description": "Standart Verkehrsmittel  meta_description (099) 999-99-99 (066) 666-66-66 (033) 333-33-33 (077) 777-77-77", "last_modified": "2025-06-15T17:10:23.199Z"}}, {"model": "catalog.categorydescription", "pk": 57, "fields": {"language": 3, "name": "Transport", "text": "", "json_text": "", "title": "Default Transport  title", "meta_description": "Default Transport  meta_description (099) 999-99-99 (066) 666-66-66 (033) 333-33-33 (077) 777-77-77", "last_modified": "2025-06-15T17:10:23.205Z"}}, {"model": "catalog.categorydescription", "pk": 58, "fields": {"language": 1, "name": "Акції", "text": "", "json_text": "", "title": "Акції title за замовчуванням ", "meta_description": "Акції meta_description за замовчуванням  (099) 999-99-99 (066) 666-66-66 (033) 333-33-33 (077) 777-77-77", "last_modified": "2025-06-15T17:11:31.212Z"}}, {"model": "catalog.categorydescription", "pk": 59, "fields": {"language": 2, "name": "Angebote", "text": "", "json_text": "", "title": "Standart Angebote  title", "meta_description": "Standart Angebote  meta_description (099) 999-99-99 (066) 666-66-66 (033) 333-33-33 (077) 777-77-77", "last_modified": "2025-06-15T17:11:31.220Z"}}, {"model": "catalog.categorydescription", "pk": 60, "fields": {"language": 3, "name": "Sale", "text": "", "json_text": "", "title": "Default Sale  title", "meta_description": "Default Sale  meta_description (099) 999-99-99 (066) 666-66-66 (033) 333-33-33 (077) 777-77-77", "last_modified": "2025-06-15T17:11:31.226Z"}}, {"model": "catalog.categorydescription", "pk": 61, "fields": {"language": 1, "name": "Спорт", "text": "", "json_text": "", "title": "Спорт title за замовчуванням ", "meta_description": "Спорт meta_description за замовчуванням  (099) 999-99-99 (066) 666-66-66 (033) 333-33-33 (077) 777-77-77", "last_modified": "2025-06-15T17:12:13.203Z"}}, {"model": "catalog.categorydescription", "pk": 62, "fields": {"language": 2, "name": "Sport", "text": "", "json_text": "", "title": "Standart Sport  title", "meta_description": "Standart Sport  meta_description (099) 999-99-99 (066) 666-66-66 (033) 333-33-33 (077) 777-77-77", "last_modified": "2025-06-15T17:12:13.211Z"}}, {"model": "catalog.categorydescription", "pk": 63, "fields": {"language": 3, "name": "Sport", "text": "", "json_text": "", "title": "Default Sport  title", "meta_description": "Default Sport  meta_description (099) 999-99-99 (066) 666-66-66 (033) 333-33-33 (077) 777-77-77", "last_modified": "2025-06-15T17:12:13.217Z"}}, {"model": "catalog.category", "pk": 2, "fields": {"parent": null, "image": "category_image/AAAIACAYAAAD0eN.jpg", "last_modified": "2025-06-15T16:16:14.242Z", "active": true, "bgcolor": "#e75a74", "lft": 1, "rght": 10, "tree_id": 1, "level": 0, "description": [4, 5, 6]}}, {"model": "catalog.category", "pk": 3, "fields": {"parent": 2, "image": "category_image/AAAEACAYAAABccq.jpg", "last_modified": "2025-06-15T16:15:49.627Z", "active": true, "bgcolor": "#8dd191", "lft": 2, "rght": 3, "tree_id": 1, "level": 1, "description": [7, 8, 9]}}, {"model": "catalog.category", "pk": 4, "fields": {"parent": 2, "image": "category_image/AAAIACAYAAAD0eN_GHoH7Ht.jpg", "last_modified": "2025-06-15T16:24:21.662Z", "active": true, "bgcolor": "#e29a7d", "lft": 4, "rght": 5, "tree_id": 1, "level": 1, "description": [10, 11, 12]}}, {"model": "catalog.category", "pk": 5, "fields": {"parent": 2, "image": "category_image/AAAEACAYAAABccq_7CbzIiE.jpg", "last_modified": "2025-06-15T16:39:20.420Z", "active": true, "bgcolor": "#a2dcff", "lft": 6, "rght": 7, "tree_id": 1, "level": 1, "description": [13, 14, 15]}}, {"model": "catalog.category", "pk": 6, "fields": {"parent": 2, "image": "category_image/AAAIACAYAAAD0eN_cojP1jx.jpg", "last_modified": "2025-06-15T16:42:51.466Z", "active": true, "bgcolor": "#ffe083", "lft": 8, "rght": 9, "tree_id": 1, "level": 1, "description": [16, 17, 18]}}, {"model": "catalog.category", "pk": 7, "fields": {"parent": null, "image": "category_image/AAAIACAYAAAD0eN_Ks67ggi.jpg", "last_modified": "2025-06-15T16:45:43.463Z", "active": true, "bgcolor": "#91b8d2", "lft": 1, "rght": 8, "tree_id": 2, "level": 0, "description": [19, 20, 21]}}, {"model": "catalog.category", "pk": 8, "fields": {"parent": 7, "image": "category_image/AAAIACAYAAAD0eN_23555aX.jpg", "last_modified": "2025-06-15T16:48:17.577Z", "active": true, "bgcolor": "#f28ad3", "lft": 2, "rght": 3, "tree_id": 2, "level": 1, "description": [22, 23, 24]}}, {"model": "catalog.category", "pk": 9, "fields": {"parent": 7, "image": "category_image/AAAIACAYAAAD0eN_68CpRlm.jpg", "last_modified": "2025-06-15T16:53:36.485Z", "active": true, "bgcolor": "#b59bda", "lft": 4, "rght": 5, "tree_id": 2, "level": 1, "description": [25, 26, 27]}}, {"model": "catalog.category", "pk": 10, "fields": {"parent": 7, "image": "category_image/AAAIACAYAAAD0eN_HLRkN0z.jpg", "last_modified": "2025-06-15T16:55:09.478Z", "active": true, "bgcolor": "#f8e580", "lft": 6, "rght": 7, "tree_id": 2, "level": 1, "description": [28, 29, 30]}}, {"model": "catalog.category", "pk": 11, "fields": {"parent": null, "image": "category_image/AAAIACAYAAAD0eN_D9aIrsb.jpg", "last_modified": "2025-06-15T16:56:12.690Z", "active": true, "bgcolor": "#efa5c1", "lft": 1, "rght": 6, "tree_id": 3, "level": 0, "description": [31, 32, 33]}}, {"model": "catalog.category", "pk": 12, "fields": {"parent": 11, "image": "category_image/AAAIACAYAAAD0eN_a7aCSrp.jpg", "last_modified": "2025-06-15T16:58:23.885Z", "active": true, "bgcolor": "#92c78e", "lft": 2, "rght": 3, "tree_id": 3, "level": 1, "description": [34, 35, 36]}}, {"model": "catalog.category", "pk": 13, "fields": {"parent": 11, "image": "category_image/AAAIACAYAAAD0eN_cuZJnoD.jpg", "last_modified": "2025-06-15T17:00:20.587Z", "active": true, "bgcolor": "#f6cc7b", "lft": 4, "rght": 5, "tree_id": 3, "level": 1, "description": [37, 38, 39]}}, {"model": "catalog.category", "pk": 14, "fields": {"parent": null, "image": "category_image/AAAIACAYAAAD0eN_ZeEzedr.jpg", "last_modified": "2025-06-15T17:02:05.835Z", "active": true, "bgcolor": "#a7b3f2", "lft": 1, "rght": 8, "tree_id": 4, "level": 0, "description": [40, 41, 42]}}, {"model": "catalog.category", "pk": 15, "fields": {"parent": 14, "image": "category_image/AAAIACAYAAAD0eN_XSUwLIm.jpg", "last_modified": "2025-06-15T17:04:14.290Z", "active": true, "bgcolor": "#b8f2e1", "lft": 2, "rght": 3, "tree_id": 4, "level": 1, "description": [43, 44, 45]}}, {"model": "catalog.category", "pk": 16, "fields": {"parent": 14, "image": "category_image/AAAIACAYAAAD0eN_ZIfK9Bn.jpg", "last_modified": "2025-06-15T17:05:31.289Z", "active": true, "bgcolor": "#f2b8b8", "lft": 4, "rght": 5, "tree_id": 4, "level": 1, "description": [46, 47, 48]}}, {"model": "catalog.category", "pk": 17, "fields": {"parent": 14, "image": "category_image/AAAIACAYAAAD0eN_RRq9GDZ.jpg", "last_modified": "2025-06-15T17:07:27.988Z", "active": true, "bgcolor": "#cafad4", "lft": 6, "rght": 7, "tree_id": 4, "level": 1, "description": [49, 50, 51]}}, {"model": "catalog.category", "pk": 18, "fields": {"parent": null, "image": "category_image/AAAIACAYAAAD0eN_nm5nSH9.jpg", "last_modified": "2025-06-15T17:08:51.435Z", "active": true, "bgcolor": "#cacdfa", "lft": 1, "rght": 2, "tree_id": 5, "level": 0, "description": [52, 53, 54]}}, {"model": "catalog.category", "pk": 19, "fields": {"parent": null, "image": "category_image/AAAIACAYAAAD0eN_QAg9uTg.jpg", "last_modified": "2025-06-15T17:10:23.179Z", "active": true, "bgcolor": "#facae1", "lft": 1, "rght": 2, "tree_id": 6, "level": 0, "description": [55, 56, 57]}}, {"model": "catalog.category", "pk": 20, "fields": {"parent": null, "image": "category_image/AAAIACAYAAAD0eN_F2nYy1A.jpg", "last_modified": "2025-06-15T17:11:31.201Z", "active": true, "bgcolor": "#faf3ca", "lft": 1, "rght": 2, "tree_id": 7, "level": 0, "description": [58, 59, 60]}}, {"model": "catalog.category", "pk": 21, "fields": {"parent": null, "image": "category_image/AAAIACAYAAAD0eN_WNBqiYu.jpg", "last_modified": "2025-06-15T17:12:13.192Z", "active": true, "bgcolor": "#8b81a1", "lft": 1, "rght": 2, "tree_id": 8, "level": 0, "description": [61, 62, 63]}}, {"model": "catalog.category_thumb", "pk": 1, "fields": {"category": 3, "url": "/images/AAAEACAYAAABccqjpg/230A/iJBFjgsinlNKttYeeKzTJXAbHPwfyChU.jpg", "size": 230}}, {"model": "catalog.category_thumb", "pk": 2, "fields": {"category": 4, "url": "/images/AAAIACAYAAAD0eNGHoH7Htjpg/230A/VSKzgEIuwUrEzmexnMhHjghqTaGNpUXU.jpg", "size": 230}}, {"model": "catalog.category_thumb", "pk": 3, "fields": {"category": 5, "url": "/images/AAAEACAYAAABccq7CbzIiEjpg/230A/PxXmsCpHoPcjFTWgcKxlHHRQDWfxRDmb.jpg", "size": 230}}, {"model": "catalog.category_thumb", "pk": 4, "fields": {"category": 6, "url": "/images/AAAIACAYAAAD0eNcojP1jxjpg/230A/rcSzeIgRUNxDwIAGdfNwZmfucYMZAmWr.jpg", "size": 230}}, {"model": "catalog.category_thumb", "pk": 5, "fields": {"category": 2, "url": "/images/AAAIACAYAAAD0eNjpg/230A/VYLcgPplNVsronPuwEDCuHLXhANueSpN.jpg", "size": 230}}, {"model": "catalog.category_thumb", "pk": 6, "fields": {"category": 8, "url": "/images/AAAIACAYAAAD0eN23555aXjpg/230A/uxXStSmPWlYpNnuvgxHavOqSduJXkQyn.jpg", "size": 230}}, {"model": "catalog.category_thumb", "pk": 7, "fields": {"category": 9, "url": "/images/AAAIACAYAAAD0eN68CpRlmjpg/230A/hJYNvRMqvsVXXceuwrncWXuAHbGUVHJu.jpg", "size": 230}}, {"model": "catalog.category_thumb", "pk": 8, "fields": {"category": 10, "url": "/images/AAAIACAYAAAD0eNHLRkN0zjpg/230A/CRAPsngYbLhHAmiOSvHDFpkLkhYAsnPQ.jpg", "size": 230}}, {"model": "catalog.category_thumb", "pk": 9, "fields": {"category": 7, "url": "/images/AAAIACAYAAAD0eNKs67ggijpg/230A/JQhOUeUTNkiexidkmIpDNwBuPdSDCvMs.jpg", "size": 230}}, {"model": "catalog.category_thumb", "pk": 10, "fields": {"category": 12, "url": "/images/AAAIACAYAAAD0eNa7aCSrpjpg/230A/OfTfYOHHwrgPRzcjrIwdfgpJAeskQXDX.jpg", "size": 230}}, {"model": "catalog.category_thumb", "pk": 11, "fields": {"category": 13, "url": "/images/AAAIACAYAAAD0eNcuZJnoDjpg/230A/sSunsLspRDdQSFIUBWqTYVLbXyEMdOCR.jpg", "size": 230}}, {"model": "catalog.category_thumb", "pk": 12, "fields": {"category": 11, "url": "/images/AAAIACAYAAAD0eND9aIrsbjpg/230A/ZoksgCVVdXjhTNCctMmbRYjbBuoLOTEG.jpg", "size": 230}}, {"model": "catalog.category_thumb", "pk": 13, "fields": {"category": 15, "url": "/images/AAAIACAYAAAD0eNXSUwLImjpg/230A/fRrjWGpcrHdjPghOhxzcMExaNYarBzOa.jpg", "size": 230}}, {"model": "catalog.category_thumb", "pk": 14, "fields": {"category": 16, "url": "/images/AAAIACAYAAAD0eNZIfK9Bnjpg/230A/yYGHonakbCpwpJYRQRGtFnOcSxgJMFXN.jpg", "size": 230}}, {"model": "catalog.category_thumb", "pk": 15, "fields": {"category": 17, "url": "/images/AAAIACAYAAAD0eNRRq9GDZjpg/230A/bMtzVSUgOcCqROuDbWWACPDkNsNOBrmr.jpg", "size": 230}}, {"model": "catalog.category_thumb", "pk": 16, "fields": {"category": 14, "url": "/images/AAAIACAYAAAD0eNZeEzedrjpg/230A/utFrhiBPyUgINAwvvzgwfybZHUVgHGAy.jpg", "size": 230}}, {"model": "catalog.category_thumb", "pk": 17, "fields": {"category": 18, "url": "/images/AAAIACAYAAAD0eNnm5nSH9jpg/230A/yZgybSYoRcbDQjVIDmsfStBYJwCquivm.jpg", "size": 230}}, {"model": "catalog.category_thumb", "pk": 18, "fields": {"category": 19, "url": "/images/AAAIACAYAAAD0eNQAg9uTgjpg/230A/AZfYfwcLlGeOhVEHvcoRdnksyRuSEtNB.jpg", "size": 230}}, {"model": "catalog.category_thumb", "pk": 19, "fields": {"category": 20, "url": "/images/AAAIACAYAAAD0eNF2nYy1Ajpg/230A/qfTMmUCCHdIYuhQWGRUKFdrONOwJEkPx.jpg", "size": 230}}, {"model": "catalog.category_thumb", "pk": 20, "fields": {"category": 21, "url": "/images/AAAIACAYAAAD0eNWNBqiYujpg/230A/QSahlwoNBGZyUPTvUGyqHaHdxffKKDai.jpg", "size": 230}}, {"model": "catalog.storage", "pk": 1, "fields": {"name": "В наявності", "language": 1}}, {"model": "catalog.storage", "pk": 2, "fields": {"name": "Під замовлення(1-3 дні)", "language": 1}}, {"model": "catalog.storage", "pk": 3, "fields": {"name": "Auf Lager", "language": 2}}, {"model": "catalog.storage", "pk": 4, "fields": {"name": "Auf Bestellung gefertigt(1-3 Tage)", "language": 2}}, {"model": "catalog.storage", "pk": 5, "fields": {"name": "In stock", "language": 3}}, {"model": "catalog.storage", "pk": 6, "fields": {"name": "To order(1-3 days)", "language": 3}}, {"model": "catalog.productdescription", "pk": 4, "fields": {"language": 1, "name": "Тарілка рису з куркою", "text": "", "json_text": "", "title": "Тарілка рису з куркою title за замовчуванням ", "meta_description": "Тарілка рису з куркою meta_description за замовчуванням  (099) 999-99-99 (066) 666-66-66 (033) 333-33-33 (077) 777-77-77", "last_modified": "2025-07-30T13:58:09.192Z", "storage": 1}}, {"model": "catalog.productdescription", "pk": 5, "fields": {"language": 2, "name": "Ein Teller Reis mit Hühnchen", "text": "", "json_text": "", "title": "Standart Ein Teller Reis mit Hühnchen  title", "meta_description": "Standart Ein Teller Reis mit Hühnchen  meta_description (099) 999-99-99 (066) 666-66-66 (033) 333-33-33 (077) 777-77-77", "last_modified": "2025-07-30T13:58:09.200Z", "storage": 3}}, {"model": "catalog.productdescription", "pk": 6, "fields": {"language": 3, "name": "A plate of rice with chicken", "text": "", "json_text": "", "title": "Default A plate of rice with chicken  title", "meta_description": "Default A plate of rice with chicken  meta_description (099) 999-99-99 (066) 666-66-66 (033) 333-33-33 (077) 777-77-77", "last_modified": "2025-07-30T13:58:09.208Z", "storage": 5}}, {"model": "catalog.productdescription", "pk": 7, "fields": {"language": 1, "name": "Зерно для коров", "text": "", "json_text": "", "title": "Зерно для коров title за замовчуванням ", "meta_description": "Зерно для коров meta_description за замовчуванням  (099) 999-99-99 (066) 666-66-66 (033) 333-33-33 (077) 777-77-77", "last_modified": "2025-07-30T14:00:32.876Z", "storage": 1}}, {"model": "catalog.productdescription", "pk": 8, "fields": {"language": 2, "name": "Getreide für Kühe", "text": "", "json_text": "", "title": "Standart Getreide für Kühe  title", "meta_description": "Standart Getreide für Kühe  meta_description (099) 999-99-99 (066) 666-66-66 (033) 333-33-33 (077) 777-77-77", "last_modified": "2025-07-30T14:00:32.883Z", "storage": 3}}, {"model": "catalog.productdescription", "pk": 9, "fields": {"language": 3, "name": "Grain for cows", "text": "", "json_text": "", "title": "Default Grain for cows  title", "meta_description": "Default Grain for cows  meta_description (099) 999-99-99 (066) 666-66-66 (033) 333-33-33 (077) 777-77-77", "last_modified": "2025-07-30T14:00:32.891Z", "storage": 5}}, {"model": "catalog.productdescription", "pk": 10, "fields": {"language": 1, "name": "Крісло синє COMFORT", "text": "", "json_text": "", "title": "Крісло синє COMFORT title за замовчуванням", "meta_description": "Крісло синє COMFORT meta_description за замовчуванням  (099) 999-99-99 (066) 666-66-66 (033) 333-33-33 (077) 777-77-77", "last_modified": "2025-07-31T18:35:28.391Z", "storage": 1}}, {"model": "catalog.productdescription", "pk": 11, "fields": {"language": 2, "name": "Blauer Sessel COMFORT", "text": "", "json_text": "", "title": "Standart Blauer Sessel COMFORT  title", "meta_description": "Standart Blauer Sessel COMFORT  meta_description (099) 999-99-99 (066) 666-66-66 (033) 333-33-33 (077) 777-77-77", "last_modified": "2025-07-31T18:35:28.402Z", "storage": 3}}, {"model": "catalog.productdescription", "pk": 12, "fields": {"language": 3, "name": "Blue armchair COMFORT", "text": "", "json_text": "", "title": "Default Blue armchair COMFORT  title", "meta_description": "Default Blue armchair COMFORT  meta_description (099) 999-99-99 (066) 666-66-66 (033) 333-33-33 (077) 777-77-77", "last_modified": "2025-07-31T18:35:28.412Z", "storage": 5}}, {"model": "catalog.productdescription", "pk": 13, "fields": {"language": 1, "name": "Жилет червоний", "text": "", "json_text": "", "title": "Жилет червоний title за замовчуванням ", "meta_description": "Жилет червоний meta_description за замовчуванням  (099) 999-99-99 (066) 666-66-66 (033) 333-33-33 (077) 777-77-77", "last_modified": "2025-07-30T14:59:55.870Z", "storage": 1}}, {"model": "catalog.productdescription", "pk": 14, "fields": {"language": 2, "name": "Rote Weste", "text": "", "json_text": "", "title": "Standart Rote Weste  title", "meta_description": "Standart Rote Weste  meta_description (099) 999-99-99 (066) 666-66-66 (033) 333-33-33 (077) 777-77-77", "last_modified": "2025-07-30T14:59:55.878Z", "storage": 3}}, {"model": "catalog.productdescription", "pk": 15, "fields": {"language": 3, "name": "Red vest", "text": "", "json_text": "", "title": "Default Red vest  title", "meta_description": "Default Red vest  meta_description (099) 999-99-99 (066) 666-66-66 (033) 333-33-33 (077) 777-77-77", "last_modified": "2025-07-30T14:59:55.885Z", "storage": 5}}, {"model": "catalog.productdescription", "pk": 16, "fields": {"language": 1, "name": "Наручний годинник", "text": "", "json_text": "", "title": "Наручний годинник title за замовчуванням ", "meta_description": "Наручний годинник meta_description за замовчуванням  (099) 999-99-99 (066) 666-66-66 (033) 333-33-33 (077) 777-77-77", "last_modified": "2025-07-30T15:01:49.845Z", "storage": 1}}, {"model": "catalog.productdescription", "pk": 17, "fields": {"language": 2, "name": "Armbanduhr", "text": "", "json_text": "", "title": "Standart Armbanduhr  title", "meta_description": "Standart Armbanduhr  meta_description (099) 999-99-99 (066) 666-66-66 (033) 333-33-33 (077) 777-77-77", "last_modified": "2025-07-30T15:01:49.851Z", "storage": 3}}, {"model": "catalog.productdescription", "pk": 18, "fields": {"language": 3, "name": "Wristwatch", "text": "", "json_text": "", "title": "Default Wristwatch  title", "meta_description": "Default Wristwatch  meta_description (099) 999-99-99 (066) 666-66-66 (033) 333-33-33 (077) 777-77-77", "last_modified": "2025-07-30T15:01:49.857Z", "storage": 5}}, {"model": "catalog.productdescription", "pk": 19, "fields": {"language": 1, "name": "Їжа для котів і собак суха", "text": "", "json_text": "", "title": "Їжа для котів і собак суха title за замовчуванням ", "meta_description": "Їжа для котів і собак суха meta_description за замовчуванням  (099) 999-99-99 (066) 666-66-66 (033) 333-33-33 (077) 777-77-77", "last_modified": "2025-07-30T15:05:59.888Z", "storage": 1}}, {"model": "catalog.productdescription", "pk": 20, "fields": {"language": 2, "name": "Trockenfutter für Katzen und Hunde", "text": "", "json_text": "", "title": "Standart Trockenfutter für Katzen und Hunde  title", "meta_description": "Standart Trockenfutter für Katzen und Hunde  meta_description (099) 999-99-99 (066) 666-66-66 (033) 333-33-33 (077) 777-77-77", "last_modified": "2025-07-30T15:05:59.894Z", "storage": 3}}, {"model": "catalog.productdescription", "pk": 21, "fields": {"language": 3, "name": "Dry food for cats and dogs", "text": "", "json_text": "", "title": "Default Dry food for cats and dogs  title", "meta_description": "Default Dry food for cats and dogs  meta_description (099) 999-99-99 (066) 666-66-66 (033) 333-33-33 (077) 777-77-77", "last_modified": "2025-07-30T15:05:59.902Z", "storage": 5}}, {"model": "catalog.productdescription", "pk": 22, "fields": {"language": 1, "name": "Шорти сірі спортивні адік", "text": "", "json_text": "", "title": "Шорти сірі спортивні адік title за замовчуванням ", "meta_description": "Шорти сірі спортивні адік meta_description за замовчуванням  (099) 999-99-99 (066) 666-66-66 (033) 333-33-33 (077) 777-77-77", "last_modified": "2025-07-30T15:08:14.758Z", "storage": 1}}, {"model": "catalog.productdescription", "pk": 23, "fields": {"language": 2, "name": "Graue Sportshorts Adik", "text": "", "json_text": "", "title": "Standart Graue Sportshorts Adik  title", "meta_description": "Standart Graue Sportshorts Adik  meta_description (099) 999-99-99 (066) 666-66-66 (033) 333-33-33 (077) 777-77-77", "last_modified": "2025-07-30T15:08:14.765Z", "storage": 3}}, {"model": "catalog.productdescription", "pk": 24, "fields": {"language": 3, "name": "Grey sports shorts Adik", "text": "", "json_text": "", "title": "Default Grey sports shorts Adik  title", "meta_description": "Default Grey sports shorts Adik  meta_description (099) 999-99-99 (066) 666-66-66 (033) 333-33-33 (077) 777-77-77", "last_modified": "2025-07-30T15:08:14.771Z", "storage": 5}}, {"model": "catalog.productdescription", "pk": 25, "fields": {"language": 1, "name": "Гантелі 25 кг", "text": "", "json_text": "", "title": "Гантелі 25 кг title за замовчуванням ", "meta_description": "Гантелі 25 кг meta_description за замовчуванням  (099) 999-99-99 (066) 666-66-66 (033) 333-33-33 (077) 777-77-77", "last_modified": "2025-07-30T15:10:14.607Z", "storage": 1}}, {"model": "catalog.productdescription", "pk": 26, "fields": {"language": 2, "name": "Hanteln 25 kg", "text": "", "json_text": "", "title": "Standart Hanteln 25 kg  title", "meta_description": "Standart Hanteln 25 kg  meta_description (099) 999-99-99 (066) 666-66-66 (033) 333-33-33 (077) 777-77-77", "last_modified": "2025-07-30T15:10:14.614Z", "storage": 3}}, {"model": "catalog.productdescription", "pk": 27, "fields": {"language": 3, "name": "Dumbbells 25 kg", "text": "", "json_text": "", "title": "Default Dumbbells 25 kg  title", "meta_description": "Default Dumbbells 25 kg  meta_description (099) 999-99-99 (066) 666-66-66 (033) 333-33-33 (077) 777-77-77", "last_modified": "2025-07-30T15:10:14.621Z", "storage": 5}}, {"model": "catalog.productdescription", "pk": 28, "fields": {"language": 1, "name": "Тенісний мʼяч зелений", "text": "", "json_text": "", "title": "Тенісний мʼяч зелений title за замовчуванням ", "meta_description": "Тенісний мʼяч зелений meta_description за замовчуванням  (099) 999-99-99 (066) 666-66-66 (033) 333-33-33 (077) 777-77-77", "last_modified": "2025-07-30T15:11:29.823Z", "storage": 1}}, {"model": "catalog.productdescription", "pk": 29, "fields": {"language": 2, "name": "Grüner Tennisball", "text": "", "json_text": "", "title": "Standart Grüner Tennisball  title", "meta_description": "Standart Grüner Tennisball  meta_description (099) 999-99-99 (066) 666-66-66 (033) 333-33-33 (077) 777-77-77", "last_modified": "2025-07-30T15:11:29.831Z", "storage": 3}}, {"model": "catalog.productdescription", "pk": 30, "fields": {"language": 3, "name": "Green tennis ball", "text": "", "json_text": "", "title": "Default Green tennis ball  title", "meta_description": "Default Green tennis ball  meta_description (099) 999-99-99 (066) 666-66-66 (033) 333-33-33 (077) 777-77-77", "last_modified": "2025-07-30T15:11:29.837Z", "storage": 5}}, {"model": "catalog.productdescription", "pk": 31, "fields": {"language": 1, "name": "Тенісна ракетка", "text": "", "json_text": "", "title": "Тенісна ракетка title за замовчуванням ", "meta_description": "Тенісна ракетка meta_description за замовчуванням  (099) 999-99-99 (066) 666-66-66 (033) 333-33-33 (077) 777-77-77", "last_modified": "2025-07-30T15:13:06.114Z", "storage": 1}}, {"model": "catalog.productdescription", "pk": 32, "fields": {"language": 2, "name": "Tennisschläger", "text": "", "json_text": "", "title": "Standart Tennisschläger  title", "meta_description": "Standart Tennisschläger  meta_description (099) 999-99-99 (066) 666-66-66 (033) 333-33-33 (077) 777-77-77", "last_modified": "2025-07-30T15:13:06.124Z", "storage": 3}}, {"model": "catalog.productdescription", "pk": 33, "fields": {"language": 3, "name": "Tennis racket", "text": "", "json_text": "", "title": "Default Tennis racket  title", "meta_description": "Default Tennis racket  meta_description (099) 999-99-99 (066) 666-66-66 (033) 333-33-33 (077) 777-77-77", "last_modified": "2025-07-30T15:13:06.131Z", "storage": 5}}, {"model": "catalog.productdescription", "pk": 34, "fields": {"language": 1, "name": "Морква 2кг", "text": "", "json_text": "", "title": "Морква 2кг title за замовчуванням ", "meta_description": "Морква 2кг meta_description за замовчуванням  (099) 999-99-99 (066) 666-66-66 (033) 333-33-33 (077) 777-77-77", "last_modified": "2025-07-30T15:14:08.011Z", "storage": 1}}, {"model": "catalog.productdescription", "pk": 35, "fields": {"language": 2, "name": "Karotten 2kg", "text": "", "json_text": "", "title": "Standart Karotten 2kg  title", "meta_description": "Standart Karotten 2kg  meta_description (099) 999-99-99 (066) 666-66-66 (033) 333-33-33 (077) 777-77-77", "last_modified": "2025-07-30T15:14:08.019Z", "storage": 3}}, {"model": "catalog.productdescription", "pk": 36, "fields": {"language": 3, "name": "Carrots 2kg", "text": "", "json_text": "", "title": "Default Carrots 2kg  title", "meta_description": "Default Carrots 2kg  meta_description (099) 999-99-99 (066) 666-66-66 (033) 333-33-33 (077) 777-77-77", "last_modified": "2025-07-30T15:14:08.026Z", "storage": 5}}, {"model": "catalog.productdescription", "pk": 37, "fields": {"language": 1, "name": "Настінний годинник", "text": "", "json_text": "", "title": "Настінний годинник title за замовчуванням", "meta_description": "Настінний годинник meta_description за замовчуванням  (099) 999-99-99 (066) 666-66-66 (033) 333-33-33 (077) 777-77-77", "last_modified": "2025-08-02T13:24:22.660Z", "storage": 1}}, {"model": "catalog.productdescription", "pk": 38, "fields": {"language": 2, "name": "Wanduhr", "text": "", "json_text": "", "title": "Standart Wanduhr  title", "meta_description": "Standart Wanduhr  meta_description (099) 999-99-99 (066) 666-66-66 (033) 333-33-33 (077) 777-77-77", "last_modified": "2025-08-02T13:24:22.676Z", "storage": 3}}, {"model": "catalog.productdescription", "pk": 39, "fields": {"language": 3, "name": "Wall clock", "text": "", "json_text": "", "title": "Default Wall clock  title", "meta_description": "Default Wall clock  meta_description (099) 999-99-99 (066) 666-66-66 (033) 333-33-33 (077) 777-77-77", "last_modified": "2025-08-02T13:24:22.692Z", "storage": 5}}, {"model": "catalog.productdescription", "pk": 40, "fields": {"language": 1, "name": "Ноутбук ігровий 256/512 HP \"Задрот\"", "text": "", "json_text": "", "title": "Ноутбук ігровий 256/512 HP \"Задрот\" title за замовчуванням ", "meta_description": "Ноутбук ігровий 256/512 HP \"Задрот\" meta_description за замовчуванням  (099) 999-99-99 (066) 666-66-66 (033) 333-33-33 (077) 777-77-77", "last_modified": "2025-07-30T15:18:20.630Z", "storage": 1}}, {"model": "catalog.productdescription", "pk": 41, "fields": {"language": 2, "name": "Gaming-Laptop 256/512 HP \"Zadrot\"", "text": "", "json_text": "", "title": "Standart Gaming-Laptop 256/512 HP \"Zadrot\"  title", "meta_description": "Standart Gaming-Laptop 256/512 HP \"Zadrot\"  meta_description (099) 999-99-99 (066) 666-66-66 (033) 333-33-33 (077) 777-77-77", "last_modified": "2025-07-30T15:18:20.637Z", "storage": 3}}, {"model": "catalog.productdescription", "pk": 42, "fields": {"language": 3, "name": "Gaming laptop 256/512 HP \"Zadrot\"", "text": "", "json_text": "", "title": "Default Gaming laptop 256/512 HP \"Zadrot\"  title", "meta_description": "Default Gaming laptop 256/512 HP \"Zadrot\"  meta_description (099) 999-99-99 (066) 666-66-66 (033) 333-33-33 (077) 777-77-77", "last_modified": "2025-07-30T15:18:20.645Z", "storage": 5}}, {"model": "catalog.productdescription", "pk": 43, "fields": {"language": 1, "name": "Біг-мак бургер \"Пісня-казка\"", "text": "", "json_text": "", "title": "Біг-мак бургер \"Пісня-казка\" title за замовчуванням ", "meta_description": "Біг-мак бургер \"Пісня-казка\" meta_description за замовчуванням  (099) 999-99-99 (066) 666-66-66 (033) 333-33-33 (077) 777-77-77", "last_modified": "2025-07-30T15:19:53.797Z", "storage": 1}}, {"model": "catalog.productdescription", "pk": 44, "fields": {"language": 2, "name": "Big Mac Burger „Märchenlied“", "text": "", "json_text": "", "title": "Standart Big Mac Burger „Märchenlied“  title", "meta_description": "Standart Big Mac Burger „Märchenlied“  meta_description (099) 999-99-99 (066) 666-66-66 (033) 333-33-33 (077) 777-77-77", "last_modified": "2025-07-30T15:19:53.805Z", "storage": 3}}, {"model": "catalog.productdescription", "pk": 45, "fields": {"language": 3, "name": "Big Mac Burger \"Fairytale Song\"", "text": "", "json_text": "", "title": "Default Big Mac Burger \"Fairytale Song\"  title", "meta_description": "Default Big Mac Burger \"Fairytale Song\"  meta_description (099) 999-99-99 (066) 666-66-66 (033) 333-33-33 (077) 777-77-77", "last_modified": "2025-07-30T15:19:53.811Z", "storage": 5}}, {"model": "catalog.productdescription", "pk": 46, "fields": {"language": 1, "name": "Настінний годинник Modern", "text": "<h2>Настінний годинник кращий в світі</h2><p><br/></p><p><em>придбай йогой</em></p>", "json_text": "", "title": "Настінний годинник Modern title за замовчуванням", "meta_description": "Настінний годинник Modern meta_description за замовчуванням  (099) 999-99-99 (066) 666-66-66 (033) 333-33-33 (077) 777-77-77", "last_modified": "2025-08-04T14:55:48.296Z", "storage": 1}}, {"model": "catalog.productdescription", "pk": 47, "fields": {"language": 2, "name": "Wanduhr Modern", "text": "<p><br/></p>", "json_text": "", "title": "Standart Wanduhr Modern  title", "meta_description": "Standart Wanduhr Modern  meta_description (099) 999-99-99 (066) 666-66-66 (033) 333-33-33 (077) 777-77-77", "last_modified": "2025-08-04T14:55:48.309Z", "storage": 3}}, {"model": "catalog.productdescription", "pk": 48, "fields": {"language": 3, "name": "Wall clock Modern", "text": "<p><br/></p>", "json_text": "", "title": "Default Wall clock Modern  title", "meta_description": "Default Wall clock Modern  meta_description (099) 999-99-99 (066) 666-66-66 (033) 333-33-33 (077) 777-77-77", "last_modified": "2025-08-04T14:55:48.320Z", "storage": 5}}, {"model": "catalog.product", "pk": 2, "fields": {"model": "teller_reis", "retail_price": 8.0, "wholesale_price": 6.0, "purchase_price": 4.0, "length": "", "width": "", "height": "", "is_available": true, "brand": null, "last_modified": "2025-07-30T13:58:09.155Z", "price_fixed": false, "rating": 5, "qty": 0.0, "currency": 3, "counter": "cnt.", "is_top": false, "category": [11], "featured": [], "attributes": [], "tags": [], "description": [4, 5, 6]}}, {"model": "catalog.product", "pk": 3, "fields": {"model": "grain_cow", "retail_price": 24.0, "wholesale_price": 21.0, "purchase_price": 14.0, "length": "", "width": "", "height": "", "is_available": true, "brand": null, "last_modified": "2025-07-30T14:00:32.846Z", "price_fixed": false, "rating": 5, "qty": 0.0, "currency": 3, "counter": "cnt.", "is_top": false, "category": [18], "featured": [], "attributes": [], "tags": [], "description": [7, 8, 9]}}, {"model": "catalog.product", "pk": 4, "fields": {"model": "sessel_blauer", "retail_price": 122.0, "wholesale_price": 111.0, "purchase_price": 43.0, "length": "", "width": "", "height": "", "is_available": true, "brand": null, "last_modified": "2025-07-31T18:35:28.358Z", "price_fixed": false, "rating": 5, "qty": 0.0, "currency": 3, "counter": "cnt.", "is_top": false, "category": [9], "featured": [], "attributes": [], "tags": [], "description": [10, 11, 12]}}, {"model": "catalog.product", "pk": 5, "fields": {"model": "rote_weste", "retail_price": 54.0, "wholesale_price": 51.0, "purchase_price": 42.0, "length": "", "width": "", "height": "", "is_available": true, "brand": null, "last_modified": "2025-07-30T14:59:55.845Z", "price_fixed": false, "rating": 5, "qty": 0.0, "currency": 3, "counter": "cnt.", "is_top": false, "category": [21], "featured": [], "attributes": [], "tags": [], "description": [13, 14, 15]}}, {"model": "catalog.product", "pk": 6, "fields": {"model": "armbanduhr", "retail_price": 68.0, "wholesale_price": 56.0, "purchase_price": 43.0, "length": "", "width": "", "height": "", "is_available": true, "brand": null, "last_modified": "2025-07-30T15:01:49.807Z", "price_fixed": false, "rating": 5, "qty": 0.0, "currency": 3, "counter": "cnt.", "is_top": false, "category": [21], "featured": [], "attributes": [], "tags": [], "description": [16, 17, 18]}}, {"model": "catalog.product", "pk": 7, "fields": {"model": "trockenfutter", "retail_price": 55.0, "wholesale_price": 54.0, "purchase_price": 43.0, "length": "", "width": "", "height": "", "is_available": true, "brand": null, "last_modified": "2025-07-30T15:05:59.862Z", "price_fixed": false, "rating": 5, "qty": 0.0, "currency": 3, "counter": "cnt.", "is_top": false, "category": [18], "featured": [], "attributes": [], "tags": [], "description": [19, 20, 21]}}, {"model": "catalog.product", "pk": 8, "fields": {"model": "grey_adik", "retail_price": 24.0, "wholesale_price": 22.0, "purchase_price": 12.0, "length": "", "width": "", "height": "", "is_available": true, "brand": null, "last_modified": "2025-07-30T15:08:14.727Z", "price_fixed": false, "rating": 5, "qty": 0.0, "currency": 3, "counter": "cnt.", "is_top": false, "category": [21], "featured": [], "attributes": [], "tags": [], "description": [22, 23, 24]}}, {"model": "catalog.product", "pk": 9, "fields": {"model": "hanteln_25", "retail_price": 40.0, "wholesale_price": 37.0, "purchase_price": 22.0, "length": "", "width": "", "height": "", "is_available": true, "brand": null, "last_modified": "2025-07-30T15:10:14.581Z", "price_fixed": false, "rating": 5, "qty": 0.0, "currency": 3, "counter": "cnt.", "is_top": false, "category": [21], "featured": [], "attributes": [], "tags": [], "description": [25, 26, 27]}}, {"model": "catalog.product", "pk": 10, "fields": {"model": "tennis_ball", "retail_price": 24.0, "wholesale_price": 22.0, "purchase_price": 12.0, "length": "", "width": "", "height": "", "is_available": true, "brand": null, "last_modified": "2025-07-30T15:11:29.787Z", "price_fixed": false, "rating": 5, "qty": 0.0, "currency": 3, "counter": "cnt.", "is_top": false, "category": [21], "featured": [], "attributes": [], "tags": [], "description": [28, 29, 30]}}, {"model": "catalog.product", "pk": 11, "fields": {"model": "tennis_racket", "retail_price": 44.0, "wholesale_price": 34.0, "purchase_price": 22.0, "length": "", "width": "", "height": "", "is_available": true, "brand": null, "last_modified": "2025-07-30T15:13:06.082Z", "price_fixed": false, "rating": 5, "qty": 0.0, "currency": 3, "counter": "cnt.", "is_top": false, "category": [21], "featured": [], "attributes": [], "tags": [], "description": [31, 32, 33]}}, {"model": "catalog.product", "pk": 12, "fields": {"model": "karroten", "retail_price": 2.0, "wholesale_price": 2.0, "purchase_price": 1.0, "length": "", "width": "", "height": "", "is_available": true, "brand": null, "last_modified": "2025-07-30T15:14:07.983Z", "price_fixed": false, "rating": 5, "qty": 0.0, "currency": 3, "counter": "cnt.", "is_top": false, "category": [11], "featured": [], "attributes": [], "tags": [], "description": [34, 35, 36]}}, {"model": "catalog.product", "pk": 13, "fields": {"model": "wanduhr", "retail_price": 15.0, "wholesale_price": 12.0, "purchase_price": 1.0, "length": "", "width": "", "height": "", "is_available": true, "brand": null, "last_modified": "2025-08-02T13:24:22.622Z", "price_fixed": false, "rating": 5, "qty": 0.0, "currency": 3, "counter": "cnt.", "is_top": false, "category": [9], "featured": [], "attributes": [], "tags": [], "description": [37, 38, 39]}}, {"model": "catalog.product", "pk": 14, "fields": {"model": "hp_zadrot", "retail_price": 1630.0, "wholesale_price": 1390.0, "purchase_price": 900.0, "length": "", "width": "", "height": "", "is_available": true, "brand": null, "last_modified": "2025-07-30T15:18:20.599Z", "price_fixed": false, "rating": 5, "qty": 0.0, "currency": 3, "counter": "cnt.", "is_top": false, "category": [5], "featured": [], "attributes": [], "tags": [], "description": [40, 41, 42]}}, {"model": "catalog.product", "pk": 15, "fields": {"model": "big_mac", "retail_price": 4.0, "wholesale_price": 4.0, "purchase_price": 1.0, "length": "", "width": "", "height": "", "is_available": true, "brand": null, "last_modified": "2025-07-30T15:19:53.765Z", "price_fixed": false, "rating": 5, "qty": 0.0, "currency": 3, "counter": "cnt.", "is_top": false, "category": [11], "featured": [], "attributes": [], "tags": [], "description": [43, 44, 45]}}, {"model": "catalog.product", "pk": 16, "fields": {"model": "wuhr_modern", "retail_price": 52.0, "wholesale_price": 50.0, "purchase_price": 34.0, "length": "", "width": "", "height": "", "is_available": true, "brand": null, "last_modified": "2025-08-04T14:55:48.266Z", "price_fixed": false, "rating": 5, "qty": 0.0, "currency": 3, "counter": "cnt.", "is_top": false, "category": [7], "featured": [], "attributes": [], "tags": [], "description": [46, 47, 48]}}, {"model": "catalog.gallery", "pk": 1, "fields": {"product": 2, "image": "products/2025/07/30/4QBWRXhpZgAATU.jpg", "position": 1, "last_modified": "2025-07-30T13:58:09.182Z"}}, {"model": "catalog.gallery", "pk": 2, "fields": {"product": 3, "image": "products/2025/07/30/AAAIACAYAAAD0eN.jpg", "position": 1, "last_modified": "2025-07-30T14:00:32.868Z"}}, {"model": "catalog.gallery", "pk": 4, "fields": {"product": 5, "image": "products/2025/07/30/AAAEuCAMAAAD1Il.jpg", "position": 1, "last_modified": "2025-07-30T14:59:55.863Z"}}, {"model": "catalog.gallery", "pk": 5, "fields": {"product": 6, "image": "products/2025/07/30/AAAKACAIAAACDr1.jpg", "position": 1, "last_modified": "2025-07-30T15:01:49.836Z"}}, {"model": "catalog.gallery", "pk": 6, "fields": {"product": 7, "image": "products/2025/07/30/2wBDAAMCAgICAg.jpg", "position": 1, "last_modified": "2025-07-30T15:05:59.881Z"}}, {"model": "catalog.gallery", "pk": 7, "fields": {"product": 8, "image": "products/2025/07/30/AAAFoCAYAAAB65W.jpg", "position": 1, "last_modified": "2025-07-30T15:08:14.750Z"}}, {"model": "catalog.gallery", "pk": 8, "fields": {"product": 9, "image": "products/2025/07/30/2wCEAAUFBQUFBQ.jpg", "position": 1, "last_modified": "2025-07-30T15:10:14.600Z"}}, {"model": "catalog.gallery", "pk": 9, "fields": {"product": 10, "image": "products/2025/07/30/AAAFACAYAAADNkK.jpg", "position": 1, "last_modified": "2025-07-30T15:11:29.815Z"}}, {"model": "catalog.gallery", "pk": 10, "fields": {"product": 11, "image": "products/2025/07/30/7RPMUGhvdG9zaG.jpg", "position": 1, "last_modified": "2025-07-30T15:13:06.105Z"}}, {"model": "catalog.gallery", "pk": 11, "fields": {"product": 12, "image": "products/2025/07/30/AAAKKCAMAAACNqo.jpg", "position": 1, "last_modified": "2025-07-30T15:14:08.004Z"}}, {"model": "catalog.gallery", "pk": 12, "fields": {"product": 13, "image": "products/2025/07/30/taWYxbWlhZgAAAO_1Lpaz4Q.jpg", "position": 1, "last_modified": "2025-07-30T15:15:55.423Z"}}, {"model": "catalog.gallery", "pk": 13, "fields": {"product": 14, "image": "products/2025/07/30/wiQGdASr0AfQBPh.jpg", "position": 1, "last_modified": "2025-07-30T15:18:20.622Z"}}, {"model": "catalog.gallery", "pk": 14, "fields": {"product": 15, "image": "products/2025/07/30/AAAMgCAYAAADbcA.jpg", "position": 1, "last_modified": "2025-07-30T15:19:53.790Z"}}, {"model": "catalog.gallery", "pk": 16, "fields": {"product": 4, "image": "products/2025/07/31/taWYxbWlhZgAAAO_8yn3O7N.jpg", "position": 1, "last_modified": "2025-07-31T18:35:28.380Z"}}, {"model": "catalog.gallery", "pk": 17, "fields": {"product": 16, "image": "products/2025/08/02/IAAAA6AMA6AMAVl.jpg", "position": 1, "last_modified": "2025-08-02T15:41:21.019Z"}}, {"model": "catalog.gallery", "pk": 18, "fields": {"product": 16, "image": "products/2025/08/02/IAAAA6AMA6AMAVl_IWMuW3n.jpg", "position": 2, "last_modified": "2025-08-02T15:41:21.021Z"}}, {"model": "catalog.gallery", "pk": 19, "fields": {"product": 16, "image": "products/2025/08/02/IAAAA6AMA6AMAVl_lrT5Uuf.jpg", "position": 3, "last_modified": "2025-08-02T15:41:21.023Z"}}, {"model": "catalog.thumb", "pk": 1, "fields": {"url": "/images/t/a/tarilka-risu-z-kurkoyu-120x120.jpg", "image": 1, "size": 120}}, {"model": "catalog.thumb", "pk": 2, "fields": {"url": "/images/z/e/zerno-dlya-korov-120x120.jpg", "image": 2, "size": 120}}, {"model": "catalog.thumb", "pk": 3, "fields": {"url": "/images/j/i/jilet-chervoniy-120x120.jpg", "image": 4, "size": 120}}, {"model": "catalog.thumb", "pk": 4, "fields": {"url": "/images/n/a/naruchniy-godinnik-120x120.jpg", "image": 5, "size": 120}}, {"model": "catalog.thumb", "pk": 5, "fields": {"url": "/images/y/i/yija-dlya-kotiv-i-sobak-suha-120x120.jpg", "image": 6, "size": 120}}, {"model": "catalog.thumb", "pk": 6, "fields": {"url": "/images/m/o/morkva-2kg-120x120.jpg", "image": 11, "size": 120}}, {"model": "catalog.thumb", "pk": 7, "fields": {"url": "/images/t/e/tenisna-raketka-120x120.jpg", "image": 10, "size": 120}}, {"model": "catalog.thumb", "pk": 8, "fields": {"url": "/images/t/e/tenisniy-myach-zeleniy-120x120.jpg", "image": 9, "size": 120}}, {"model": "catalog.thumb", "pk": 9, "fields": {"url": "/images/g/a/ganteli-25-kg-120x120.jpg", "image": 8, "size": 120}}, {"model": "catalog.thumb", "pk": 10, "fields": {"url": "/images/s/h/shorti-siri-sportivni-adik-120x120.jpg", "image": 7, "size": 120}}, {"model": "catalog.thumb", "pk": 11, "fields": {"url": "/images/b/i/big-mak-burger-pisnya-kazka-120x120.jpg", "image": 14, "size": 120}}, {"model": "catalog.thumb", "pk": 12, "fields": {"url": "/images/n/o/noutbuk-igroviy-256512-hp-zadrot-120x120.jpg", "image": 13, "size": 120}}, {"model": "catalog.thumb", "pk": 20, "fields": {"url": "/images/k/r/krislo-sine-comfort-120x120.jpg", "image": 16, "size": 120}}, {"model": "catalog.thumb", "pk": 27, "fields": {"url": "/images/n/a/nastinniy-godinnik-120x120.jpg", "image": 12, "size": 120}}, {"model": "catalog.thumb", "pk": 46, "fields": {"url": "/images/n/a/nastinniy-godinnik-modern-120x120.jpg", "image": 17, "size": 120}}, {"model": "catalog.thumb", "pk": 47, "fields": {"url": "/images/n/a/nastinniy-godinnik-modern-120x120-2.jpg", "image": 18, "size": 120}}, {"model": "catalog.thumb", "pk": 48, "fields": {"url": "/images/n/a/nastinniy-godinnik-modern-120x120-3.jpg", "image": 19, "size": 120}}, {"model": "catalog.special", "pk": 16, "fields": {"price": 50, "percent": 4}}, {"model": "catalog.special", "pk": 13, "fields": {"price": 12, "percent": 20}}, {"model": "catalog.special", "pk": 4, "fields": {"price": 115, "percent": 6}}, {"model": "catalog.special", "pk": 15, "fields": {"price": 3, "percent": 25}}, {"model": "catalog.special", "pk": 14, "fields": {"price": 1420, "percent": 13}}, {"model": "catalog.special", "pk": 10, "fields": {"price": 21, "percent": 13}}, {"model": "catalog.special", "pk": 6, "fields": {"price": 64, "percent": 6}}, {"model": "catalog.special", "pk": 3, "fields": {"price": 21, "percent": 13}}]